date,content,predicted_sentiment
2024-05-01 10:34:32+00:00,may 1 reuters apples plan to add generative ai to its iphones and revive sagging sales in the crucial chinese market will be in focus on thursday when the tech giant is expected to report it 3641 chars,Positive
2024-05-01 10:38:36+00:00,by yuvraj malik reuters apples plan to add generative ai to its iphones and revive sagging sales in the crucial chinese market will be in focus on thursday when the tech giant is expected to r 3598 chars,Positive
2024-05-01 11:46:44+00:00,this is a published version of the forbes daily newsletter you can signup to get forbes daily in your inbox here good morning bad news if youre looking to buy a house anytime soon home prices 10682 chars,Negative
2024-05-01 13:03:14+00:00,apples plans to catch up to rivals in generative ai and revive sagging sales in the chinese smartphone market will be in focus on thursday when the mac maker is expected to report its biggest quart 3062 chars,Positive
2024-05-01 13:16:42+00:00,western financial corp ca cut its position in microsoft co nasdaqmsft free report by 21 during the fourth quarter according to its most recent 13f filing with the securities and exchange com 6803 chars,Positive
2024-05-01 13:16:43+00:00,seabridge investment advisors llc grew its stake in shares of microsoft co nasdaqmsft free report by 05 in the 4th quarter according to its most recent form 13f filing with the securities a 6915 chars,Positive
2024-05-01 13:54:42+00:00,nisa investment advisors llc lifted its position in microsoft co nasdaqmsft free report by 02 during the fourth quarter according to the company in its most recent form 13f filing with the s 7157 chars,Positive
2024-05-01 14:30:46+00:00,firethorn wealth partners llc increased its holdings in shares of microsoft co nasdaqmsft free report by 99 during the fourth quarter according to its most recent form 13f filing with the se 6974 chars,Positive
2024-05-01 14:30:46+00:00,zweig dimenna associates llc lifted its position in shares of microsoft co nasdaqmsft free report by 23 in the fourth quarter according to the company in its most recent 13f filing with the 6862 chars,Positive
2024-05-01 17:20:42+00:00,bank of stockton lessened its position in microsoft co nasdaqmsft free report by 27 during the 4th quarter according to its most recent filing with the securities and exchange commission th 7069 chars,Positive
2024-05-01 17:29:58+00:00,may 1 reuters apples plan to add generative ai to its iphones and revive sagging sales in the crucial chinese market will be in focus on thursday when the tech giant is expected to report it 4100 chars,Positive
2024-05-02 02:00:00+00:00,boston may 01 2024 globe newswire block amp leviton llp wwwblocklevitoncom a national securities litigation firm announces that it has filed a class action lawsuit on behalf of shareho 3715 chars,Negative
2024-05-02 05:00:00+00:00,just like a suit of armor needing regular maintenance your computers defenses require consistent attention tiny vulnerabilities like chinks in the armor can expose your valuable data patch depl 7424 chars,Positive
2024-05-02 05:15:44+00:00,standard chartered posts higher profit on trading gains the londonbased bank posted a rise in firstquarter net profit due to higher trading income despite lower earnings from lending rio tinto 2012 chars,Positive
2024-05-02 07:15:43+00:00,shell launches 35 billion buyback shells firstquarter adjusted earnings fell by less than expected and the oil major kicked off a share buyback as it hurried to close the valuation gap to its 2140 chars,Positive
2024-05-02 08:18:41+00:00,avepoint inc nasdaqavpt get free report was the target of a large growth in short interest in the month of april as of april 15th there was short interest totalling 6500000 shares a growt 4541 chars,Positive
2024-05-02 09:15:06+00:00,innofactor plc changes in companys own shares on may 2 2024 at 1215 finnish time on may 2 2024 innofactor plc has transferred a total of 45628 of its own shares held by the company to the me 1329 chars,Positive
2024-05-02 09:20:06+00:00,innofactor plc managers transactions on may 2 2024 at 1220 finnish time innofactor oyj managers transactions person subject to the notificat 1333 chars,Neutral
2024-05-02 09:20:06+00:00,innofactor plc managers transactions on may 2 2024 at 1220 finnish time innofactor oyj managers transactions person subject to the notificat 1322 chars,Neutral
2024-05-02 09:20:06+00:00,innofactor plc managers transactions on may 2 2024 at 1220 finnish time innofactor oyj managers transactions person subject to the notificat 1334 chars,Neutral
2024-05-02 10:01:24+00:00,general availability of mongodb atlas stream processing makes it easier for developers to use realtime streaming data to build eventdriven application experiences in a unified environment mongodb 15082 chars,Positive
2024-05-02 10:06:49+00:00,peoples bank oh cut its stake in shares of microsoft co nasdaqmsft free report by 08 during the fourth quarter according to the company in its most recent form 13f filing with the sec the f 6391 chars,Positive
2024-05-02 11:02:45+00:00,alphinity investment management pty ltd increased its stake in shares of microsoft co nasdaqmsft free report by 86 during the 4th quarter according to the company in its most recent form 13f 6918 chars,Positive
2024-05-02 11:17:53+00:00,moderna posts betterthanexpected quarterly results as it looks to fall rsv vaccine launch moderna on thursday reported a narrowerthanexpected firstquarter loss as the covid vaccine maker looks 2039 chars,Negative
2024-05-02 14:37:37+00:00,apple shares rallied thursday ahead of the silicon valley giants crucial quarterly earnings report headlining wider gains as the iphone maker looks to reverse its stock market slump an apple stor 2485 chars,Positive
2024-05-02 14:44:42+00:00,globant nyseglob free report had its price target trimmed by scotiabank from 26000 to 23000 in a research note released on monday benzinga reports they currently have a sector outperform r 4012 chars,Positive
2024-05-02 15:24:43+00:00,signet investment advisory group inc cut its holdings in microsoft co nasdaqmsft free report by 08 during the fourth quarter according to the company in its most recent form 13f filing with 6590 chars,Positive
2024-05-02 15:24:43+00:00,blue bell private wealth management llc increased its stake in shares of microsoft co nasdaqmsft free report by 29 in the fourth quarter according to its most recent 13f filing with the sec 6792 chars,Positive
2024-05-02 16:00:00+00:00,los angeles may 02 2024 globe newswire glancy prongay amp murray llp gpm reminds investors of the upcoming june 17 2024 deadline to file a lead plaintiff motion in the class action filed 3485 chars,Neutral
2024-05-02 16:00:00+00:00,buying a quality keyboard is just like buying a pair of shoes youll be using them for most of your waking life so skimping on comfort is nothing but selfsabotage when it comes to sitting at your 13658 chars,Positive
2024-05-02 16:02:48+00:00,redwood wealth management group llc grew its holdings in shares of microsoft co nasdaqmsft free report by 08 in the fourth quarter according to the company in its most recent 13f filing with 7101 chars,Positive
2024-05-02 16:02:48+00:00,pinion investment advisors llc lowered its position in shares of microsoft co nasdaqmsft free report by 52 in the 4th quarter according to its most recent form 13f filing with the securities 6846 chars,Positive
2024-05-02 16:02:49+00:00,investment partners asset management inc acquired a new stake in microsoft co nasdaqmsft free report in the 4th quarter according to the company in its most recent form 13f filing with the se 6650 chars,Positive
2024-05-02 16:02:49+00:00,meeder advisory services inc boosted its holdings in shares of microsoft co nasdaqmsft free report by 27 during the fourth quarter according to the company in its most recent form 13f filin 7000 chars,Positive
2024-05-02 16:34:45+00:00,this is the published version of forbes cio newsletter which offers the latest news for chief innovation officers and other technologyfocused leaders click here to get it delivered to your inbox e 13829 chars,Positive
2024-05-02 18:00:00+00:00,new york may 02 2024 globe newswire pomerantz llp announces that a class action lawsuit has been filed against perion network ltd perion or the company nasdaq peri such investors are ad 2537 chars,Negative
2024-05-02 20:38:33+00:00,apple delivered quarterly earnings solidly above wall streets expectations thursday as chinese demand concerns which drove apples stock down for much of the last six months proved to be less severe 3541 chars,Negative
2024-05-02 22:27:00+00:00,author of the article file in this june 16 2020 file photo the sun is reflected on apples fifth avenue store in new york apple will reports earnings on thursday may 2 2024photo by mark lenn 6888 chars,Neutral
2024-05-03 05:54:44+00:00,quisitive technology solutions cvequis get free report had its price target lifted by equities research analysts at raymond james from c040 to c043 in a report released on wednesday baystre 1917 chars,Positive
2024-05-03 08:02:44+00:00,infosys limited nyseinfy free report investment analysts at wedbush issued their q1 2025 earnings per share eps estimates for infosys in a research report issued to clients and investors on 5156 chars,Positive
2024-05-03 08:50:42+00:00,benin management corp cut its position in microsoft co nasdaqmsft free report by 06 during the fourth quarter according to its most recent form 13f filing with the securities and exchange co 6700 chars,Positive
2024-05-03 08:50:42+00:00,strategic blueprint llc grew its position in microsoft co nasdaqmsft free report by 29 during the fourth quarter according to the company in its most recent 13f filing with the sec the fund 6804 chars,Positive
2024-05-03 08:50:43+00:00,moseley investment management inc cut its position in microsoft co nasdaqmsft free report by 131 in the 4th quarter according to its most recent disclosure with the securities and exchange 6688 chars,Positive
2024-05-03 09:00:00+00:00,may 3 reuters for most of the past year and a half apple chief executive tim cook has fielded questions from wall street analysts about his plans for artificial intelligence amid grumbling th 3079 chars,Positive
2024-05-03 09:40:42+00:00,madrona financial services llc trimmed its stake in microsoft co nasdaqmsft free report by 06 during the 4th quarter according to the company in its most recent disclosure with the securitie 6843 chars,Positive
2024-05-03 09:40:42+00:00,wolff financial management llc cut its holdings in shares of microsoft co nasdaqmsft free report by 42 in the fourth quarter according to the company in its most recent filing with the secur 6796 chars,Positive
2024-05-03 09:40:43+00:00,eampg advisors lp grew its stake in shares of microsoft co nasdaqmsft free report by 31 in the 4th quarter according to its most recent form 13f filing with the securities amp exchange c 6775 chars,Positive
2024-05-03 14:52:00+00:00,san francisco may 03 2024 globe newswire hagens berman urges perion network ltd nasdaq peri investors who suffered substantial losses to submit your losses now class period feb 9 2021 4177 chars,Negative
2024-05-03 17:38:48+00:00,stock trades at 63 times forward earnings compared to nvidias 33 and microsofts 30 author of the article tesla inc shares are considerably more expensive than those of nvidia corp and microsoft 6978 chars,Positive
2024-05-03 20:26:06+00:00,general american investors company inc a closedend investment company listed on the new york stock exchange gam reported net assets applicable to the companys common stock as of march 31 2024 2640 chars,Positive
2024-05-04 02:46:12+00:00,new orleans may 3 2024 prnewswire claimsfiler a free shareholder information service reminds investors that they have untiljune 17 2024 to file lead plaintiff applications in a securities 2303 chars,Positive
2024-05-04 07:34:43+00:00,shares of bandwidth inc nasdaqband get free report have been given an average rating of moderate buy by the seven analysts that are currently covering the company marketbeat reports three a 4610 chars,Positive
2024-05-04 07:34:48+00:00,martello technologies group otcmktsdrkof get free report and splunk nasdaqsplk get free report are both computer and technology companies but which is the superior investment we will cont 5074 chars,Positive
2024-05-04 09:24:43+00:00,white wing wealth management purchased a new position in shares of microsoft co nasdaqmsft free report during the 4th quarter according to the company in its most recent disclosure with the se 6414 chars,Positive
2024-05-04 09:24:44+00:00,fortune financial advisors llc grew its holdings in shares of microsoft co nasdaqmsft free report by 30 in the fourth quarter according to its most recent disclosure with the securities amp 6866 chars,Positive
2024-05-04 09:54:42+00:00,yousif capital management llc increased its position in shares of infosys limited nyseinfy free report by 70 in the 4th quarter according to the company in its most recent 13f filing with the 4843 chars,Positive
2024-05-04 09:56:42+00:00,long walk management lp trimmed its position in shares of microsoft co nasdaqmsft free report by 72 during the 4th quarter according to its most recent form 13f filing with the securities a 6895 chars,Positive
2024-05-04 09:56:43+00:00,boss retirement advisors llc grew its holdings in microsoft co nasdaqmsft free report by 51 during the 4th quarter according to the company in its most recent disclosure with the securit 6848 chars,Positive
2024-05-04 10:28:46+00:00,meredith wealth planning reduced its position in shares of microsoft co nasdaqmsft free report by 60 in the 4th quarter according to the company in its most recent disclosure with the securi 6982 chars,Positive
2024-05-04 12:00:00+00:00,debt collection and tax season concept with deadline calendar remind notecoinsbankscalculator on table background time to pay concept getty if youve been following the ai space lately 5429 chars,Negative
2024-05-04 12:02:49+00:00,globant nyseglob get free report had its price objective dropped by jpmorgan chase amp co from 27300 to 25700 in a research note issued on thursday benzinga reports the brokerage curren 4428 chars,Positive
2024-05-05 08:24:42+00:00,caledonia investments plc lowered its position in microsoft co nasdaqmsft free report by 61 in the fourth quarter according to the company in its most recent disclosure with the sec the fir 6638 chars,Positive
2024-05-05 09:28:41+00:00,bridgeworth llc reduced its position in microsoft co nasdaqmsft free report by 31 during the 4th quarter according to the company in its most recent filing with the securities and exchange c 6610 chars,Positive
2024-05-05 10:10:43+00:00,prairieview partners llc trimmed its position in shares of microsoft co nasdaqmsft free report by 18 in the 4th quarter according to the company in its most recent form 13f filing with the s 6691 chars,Positive
2024-05-05 10:10:44+00:00,stone point wealth llc reduced its position in microsoft co nasdaqmsft free report by 06 in the fourth quarter according to its most recent disclosure with the securities and exchange commis 6816 chars,Positive
2024-05-05 10:27:02+00:00,wall streets fantasies of decamping to the hamptons for the summer have been shattered by higher inflation and stock market volatilityadobe firefly jenny changrodriguezbi 2024 was supposed to b 11268 chars,Negative
2024-05-05 10:30:14+00:00,avert your eyes my sunday morning look at incompetency corruption and policy failuresis artificial intelligence the great filter that makes advanced technical civilisations rare in the universe t 4751 chars,Positive
2024-05-05 10:42:41+00:00,graphene investments sas decreased its position in microsoft co nasdaqmsft free report by 141 in the 4th quarter according to the company in its most recent filing with the securities and ex 7062 chars,Positive
2024-05-05 10:42:41+00:00,dopkins wealth management llc lowered its position in shares of microsoft co nasdaqmsft free report by 80 during the 4th quarter according to its most recent disclosure with the securities 6629 chars,Positive
2024-05-05 10:42:41+00:00,reik amp co llc lowered its position in shares of microsoft co nasdaqmsft free report by 61 in the 4th quarter according to its most recent form 13f filing with the securities amp excha 6818 chars,Positive
2024-05-05 10:42:42+00:00,moody aldrich partners llc increased its stake in shares of microsoft co nasdaqmsft free report by 389 during the fourth quarter according to its most recent filing with the sec the institu 6644 chars,Positive
2024-05-05 10:42:42+00:00,schrum private wealth management llc decreased its stake in shares of microsoft co nasdaqmsft free report by 199 during the fourth quarter according to the company in its most recent form 13 6849 chars,Positive
2024-05-05 10:42:42+00:00,hemington wealth management grew its holdings in microsoft co nasdaqmsft free report by 54 during the 4th quarter according to its most recent filing with the securities and exchange commiss 6393 chars,Positive
2024-05-05 10:44:44+00:00,van eck associates corp grew its stake in shares of infosys limited nyseinfy free report by 338 during the fourth quarter according to the company in its most recent disclosure with the secur 4973 chars,Positive
2024-05-05 16:01:00+00:00,an worried about his monthly payments serious senior man holding letter feels interested read business news got invitation learns bank statement information postal correspondence concept 6549 chars,Positive
2024-05-06 08:18:47+00:00,executive wealth management llc grew its position in shares of microsoft co nasdaqmsft free report by 56 during the 4th quarter according to its most recent filing with the securities and ex 6457 chars,Positive
2024-05-06 08:54:46+00:00,albion financial group ut boosted its stake in shares of microsoft co nasdaqmsft free report by 09 in the fourth quarter according to the company in its most recent form 13f filing with the 6846 chars,Positive
2024-05-06 08:54:46+00:00,liberty one investment management llc decreased its position in shares of microsoft co nasdaqmsft free report by 09 during the fourth quarter according to the company in its most recent disc 6767 chars,Positive
2024-05-06 08:54:46+00:00,soltis investment advisors llc lowered its position in shares of microsoft co nasdaqmsft free report by 12 in the fourth quarter according to the company in its most recent 13f filing with t 6661 chars,Positive
2024-05-06 08:54:47+00:00,r w roge amp company inc cut its position in shares of microsoft co nasdaqmsft free report by 08 during the 4th quarter according to the company in its most recent filing with the sec 6906 chars,Positive
2024-05-06 08:54:47+00:00,mendel capital management llc lifted its stake in microsoft co nasdaqmsft free report by 72 during the fourth quarter according to its most recent disclosure with the securities and exchange 6686 chars,Positive
2024-05-06 08:54:47+00:00,geneos wealth management inc lessened its holdings in shares of microsoft co nasdaqmsft free report by 60 during the 4th quarter according to its most recent filing with the securities and 6412 chars,Positive
2024-05-06 09:28:42+00:00,cherry creek investment advisors inc lessened its stake in shares of microsoft co nasdaqmsft free report by 09 during the 4th quarter according to the company in its most recent filing with 6386 chars,Positive
2024-05-06 11:10:41+00:00,bandwidth nasdaqband get free report will release its earnings data before the market opens on tuesday may 7th analysts expect bandwidth to post earnings of 021 per share for the quarter ba 3568 chars,Positive
2024-05-06 11:15:10+00:00,east brunswick nj bengaluru india may 06 2024 wipro nyse wit bse 507685 nse wipro a leading technology services and consulting company today announced that it is collaborating with 6535 chars,Neutral
2024-05-06 13:00:18+00:00,dont invest unless youre prepared to lose all the money you invest this is a highrisk investment and you should not expect to be protected if something goes wrongtesla elon musks electric car emp 4489 chars,Positive
2024-05-06 19:45:00+00:00,san francisco may 06 2024 globe newswire hagens berman urges perion network ltd nasdaq peri investors who suffered substantial losses to submit your losses now perion network ltd peri 3957 chars,Negative
2024-05-07 05:44:50+00:00,docebo nasdaqdcbo get free report and cloudflare nysenet get free report are both computer and technology companies but which is the better stock we will contrast the two businesses based 7045 chars,Positive
2024-05-07 08:12:41+00:00,physicians financial services inc lessened its holdings in shares of microsoft co nasdaqmsft free report by 03 during the fourth quarter according to the company in its most recent form 13f 6368 chars,Positive
2024-05-07 08:12:41+00:00,financial counselors inc cut its position in shares of microsoft co nasdaqmsft free report by 13 in the 4th quarter according to the company in its most recent disclosure with the sec the 6928 chars,Positive
2024-05-07 08:44:42+00:00,hendershot investments inc increased its position in shares of microsoft co nasdaqmsft free report by 17 during the 4th quarter according to the company in its most recent 13f filing with t 6450 chars,Positive
2024-05-07 09:20:41+00:00,safeguard investment advisory group llc increased its position in microsoft co nasdaqmsft free report by 04 during the fourth quarter according to its most recent form 13f filing with the se 6482 chars,Positive
2024-05-07 09:20:41+00:00,blossom wealth management boosted its position in shares of microsoft co nasdaqmsft free report by 66 in the 4th quarter according to its most recent filing with the securities and exchange 6714 chars,Positive
2024-05-07 09:20:42+00:00,aspiriant llc cut its position in shares of microsoft co nasdaqmsft free report by 08 in the fourth quarter according to the company in its most recent disclosure with the sec the instituti 6758 chars,Positive
2024-05-07 09:26:48+00:00,avepoint nasdaqavpt get free report is scheduled to be posting its quarterly earnings results after the market closes on thursday may 9th avepoint has set its q1 2024 guidance at eps and its f 3335 chars,Positive
2024-05-07 14:06:12+00:00,crowdstrike falcon for defender augments security for microsoft defender deployments falcon for defender delivers overwatch threat hunting and independent security validation deploying alongside m 3989 chars,Positive
2024-05-07 14:13:06+00:00,falcon for defender delivers overwatch threat hunting and independent security validation deploying alongside microsoft defender to stop missed attacks rsa conference 2024 crowdstrike nasdaq crw 3905 chars,Negative
2024-05-07 16:22:24+00:00,why offerpad opad stock is down today what happened shares of technology real estate company offerpad nyseopad fell 109 in the premarket session after the company reported firstquarter re 1932 chars,Positive
2024-05-07 16:31:43+00:00,what happened shares of cloud monitoring software company datadog nasdaqddog fell 117 in the premarket session after the company reported firstquarter results with billings falling below wa 1727 chars,Positive
2024-05-07 19:25:06+00:00,tmobile nasdaq tmus this press release features multimedia view the full release here httpswwwbusinesswirecomnewshome20240507971059en google pixel 8a at tmobile delivers a nocomp 6468 chars,Neutral
